Sr. no.;start_date_local;type;distance;moving_time;elapsed_time;total_elevation_gain;start_latlng;end_latlng;sport_type;start_date;timezone;achievement_count;kudos_count;comment_count;athlete_count;photo_count;average_speed;max_speed;lat;lng;MinTemperature;MaxTemperature;TotalPrecipitation;MaxWindSpeed;SolarRadiation;SunshineDuration;RainSum;SnowFall
1;09/12/2023;Run;10879,7;4023;4617;91,4;[40.70327935740352, -73.99619171395898];[40.69340907968581, -73.97922154515982];Run;2023-12-09T14:09:19Z;(GMT-05:00) America/New_York;4;4;0;3;0;2,704;6,228;40,70327936;-73,99619171;1,3;13,6;0;12;8,32;29249,18;0;0
2;07/12/2023;Run;1304,4;722;62993;0;[40.7220459356904, -74.03641730546951];[40.719722136855125, -74.03257705271244];Run;2023-12-07T22:31:50Z;(GMT-05:00) America/New_York;0;0;0;1;0;1,807;4,044;40,72204594;-74,03641731;-3,3;3,5;0;17,5;4,04;10800;0;0
3;03/12/2023;Run;17503;7370;7462;68,4;[40.74991073459387, -73.98751585744321];[40.73538766242564, -73.9793517999351];Run;2023-12-03T14:18:13Z;(GMT-05:00) America/New_York;2;5;0;4;0;2,375;6,778;40,74991073;-73,98751586;5,5;9,9;16,2;19,1;1,27;0;16,2;0
4;02/12/2023;Run;3457,8;1791;2170;3,9;[40.72203076444566, -74.03641068376601];[40.71398631669581, -74.03902692720294];Run;2023-12-02T14:41:14Z;(GMT-05:00) America/New_York;0;2;0;3;0;1,931;4,522;40,72203076;-74,03641068;4,4;16,2;0,1;16,3;7,25;27290,56;0,1;0
5;01/12/2023;Run;10108,2;4128;4221;6,3;[40.72190687991679, -74.03624514117837];[40.71669920347631, -74.03264125809073];Run;2023-12-01T22:06:05Z;(GMT-05:00) America/New_York;4;5;0;1;0;2,449;5,462;40,72190688;-74,03624514;-0,2;7,9;5,3;14,3;3,54;8903,67;5,3;0
6;29/11/2023;Run;6694,7;2913;2983;9,8;[40.72185751050711, -74.03604313731194];[40.719508565962315, -74.03692323714495];Run;2023-11-29T22:22:51Z;(GMT-05:00) America/New_York;1;2;1;1;0;2,298;4,972;40,72185751;-74,03604314;-4,3;2,6;0;21;9,37;27621,35;0;0
7;26/11/2023;Run;6518,5;2545;2735;5;[40.74989422224462, -73.98728493601084];[40.71740294806659, -74.01325140148401];Run;2023-11-26T14:16:39Z;(GMT-05:00) America/New_York;0;2;0;4;0;2,561;4,738;40,74989422;-73,98728494;-2,7;10,4;5,5;34,3;5,92;18403,9;5,5;0
8;09/11/2023;Run;10137,9;4027;4037;0;[40.72207803837955, -74.03637405484915];[40.7126241736114, -74.04014498926699];Run;2023-11-09T22:46:38Z;(GMT-05:00) America/New_York;10;2;0;1;0;2,517;8,032;40,72207804;-74,03637405;2,8;15,3;0,4;12;4,97;14351,94;0,4;0
9;07/11/2023;Run;5065,6;1974;2012;5;[40.7218580134213, -74.03597440570593];[40.717102037742734, -74.03721358627081];Run;2023-11-07T22:31:51Z;(GMT-05:00) America/New_York;2;3;0;1;0;2,566;5,092;40,72185801;-74,03597441;10,7;20,3;5,7;20,3;7,03;15164,81;5,7;0
10;04/11/2023;Run;32192,3;14536;15709;5,2;[40.721997655928135, -74.0361484978348];[40.721965469419956, -74.03655661270022];Run;2023-11-04T20:20:18Z;(GMT-05:00) America/New_York;17;2;0;2;0;2,215;10,26;40,72199766;-74,0361485;3,7;15;0;11;8,92;25218,75;0;0
11;02/11/2023;Run;4900,2;1936;2051;32,3;[40.721952226012945, -74.03657790273428];[40.72179280221462, -74.03659525327384];Run;2023-11-02T22:25:15Z;(GMT-05:00) America/New_York;0;1;0;1;0;2,531;5,144;40,72195223;-74,0365779;-0,2;9,7;0;12,2;12,71;33797,68;0;0
12;01/11/2023;Run;10065,4;4326;4672;5,2;[40.7218543253839, -74.0359671972692];[40.71971266530454, -74.04391785152256];Run;2023-11-01T22:08:35Z;(GMT-05:00) America/New_York;0;2;0;2;0;2,327;3,78;40,72185433;-74,0359672;3,5;9,8;3,5;23,3;8,4;22156,89;3,5;0
13;31/10/2023;Run;5080,1;1924;2560;56,2;[40.721805123612285, -74.03677185997367];[40.72345803491771, -74.04614148661494];Run;2023-10-31T22:13:17Z;(GMT-05:00) America/New_York;0;2;0;2;0;2,64;4,313;40,72180512;-74,03677186;6,8;10,7;0,2;18,1;9,03;21600;0,2;0
14;29/10/2023;Run;5033,4;2035;2101;9,1;[40.721982987597585, -74.03636299073696];[40.71321040391922, -74.03809829615057];Run;2023-10-29T22:03:13Z;(GMT-05:00) America/New_York;3;2;0;1;0;2,473;15,858;40,72198299;-74,03636299;10,7;16,3;6,9;19,2;3,46;847,01;6,9;0
15;28/10/2023;Run;17774,7;7174;8239;92,9;[40.76331012882292, -73.96522837691009];[40.768565498292446, -73.98148591630161];Run;2023-10-28T12:55:44Z;(GMT-05:00) America/New_York;4;3;0;2;0;2,478;4,278;40,76331013;-73,96522838;16;26,8;0;17,6;12,56;34001,96;0;0
16;23/10/2023;Run;5078,5;1948;1951;46,8;[44.04940886422992, -71.65654697455466];[44.04988059774041, -71.65964526124299];Run;2023-10-23T13:11:55Z;(GMT-05:00) America/New_York;0;2;0;2;0;2,607;3,814;44,04940886;-71,65654697;4,1;8;1,2;15,5;3,06;0;1,2;0
17;21/10/2023;Hike;4584,9;6116;7263;290,4;[44.09742157906294, -71.68008327484131];[44.09736935980618, -71.67967398650944];Hike;2023-10-21T15:02:30Z;(GMT-05:00) America/New_York;0;1;0;3;0;0,75;2,511;44,09742158;-71,68008327;10,2;13,7;35,7;13,7;1,9;0;35,7;0
18;19/10/2023;Run;6090,6;2449;2824;7,4;[40.72185818105936, -74.03593090362847];[40.72167386300862, -74.0365753043443];Run;2023-10-19T23:22:33Z;(GMT-05:00) America/New_York;0;1;0;2;0;2,487;4,175;40,72185818;-74,0359309;7,2;18,1;0;19,6;13,74;34936,48;0;0
20;12/10/2023;Run;4093;2730;2735;3,7;[40.721869580447674, -74.0360417123884];[40.71644648909569, -74.03265483677387];Run;2023-10-12T22:27:56Z;(GMT-05:00) America/New_York;0;0;0;1;0;1,499;5,714;40,72186958;-74,03604171;7,2;21,1;0;11;15,57;37382,44;0;0
21;10/10/2023;Run;5087,6;2049;2049;0;[40.721852481365204, -74.03595923446119];[40.72024022229016, -74.03206491842866];Run;2023-10-10T22:46:51Z;(GMT-05:00) America/New_York;0;1;0;3;0;2,483;4,092;40,72185248;-74,03595923;7,9;18;0;19,7;13,39;36809,04;0;0
22;10/10/2023;Run;5266,2;2058;2066;0;[40.72189330123365, -74.03619250282645];[40.72021683678031, -74.03184615075588];Run;2023-10-10T22:46:43Z;(GMT-05:00) America/New_York;2;1;0;3;0;2,559;3,869;40,7218933;-74,0361925;7,9;18;0;19,7;13,39;36809,04;0;0
23;08/10/2023;Run;10078,3;4228;4727;4,3;[40.72191341780126, -74.0360364317894];[40.71318165399134, -74.03360391966999];Run;2023-10-08T22:26:49Z;(GMT-05:00) America/New_York;4;2;0;1;0;2,384;4,828;40,72191342;-74,03603643;9,4;16,9;0;24,5;14,88;38011,73;0;0
24;04/10/2023;Run;5097,6;1988;2002;2,4;[40.721907299011946, -74.0360414609313];[40.71318978443742, -74.03391773812473];Run;2023-10-04T22:33:38Z;(GMT-05:00) America/New_York;3;2;0;1;0;2,564;7,114;40,7219073;-74,03604146;14,9;27,8;0;12,6;16,92;38308,81;0;0
25;01/10/2023;Walk;1864,9;1348;1401;4,9;[40.71535239927471, -74.048425052315];[40.721752820536494, -74.03677772730589];Walk;2023-10-01T23:25:32Z;(GMT-05:00) America/New_York;0;0;0;1;0;1,383;3,572;40,7153524;-74,04842505;14,2;25,1;0;18,7;17,96;38682,24;0;0
26;01/10/2023;Run;5317,7;2116;2116;0;[40.721897492185235, -74.03605646453798];[40.708297519013286, -74.03827909380198];Run;2023-10-01T22:22:23Z;(GMT-05:00) America/New_York;3;1;0;1;0;2,513;4,234;40,72189749;-74,03605646;14,2;25,1;0;18,7;17,96;38682,24;0;0
27;28/09/2023;Run;5426,8;2160;2248;6,1;[40.721764722839, -74.03636693023145];[40.7103674300015, -74.0466342587024];Run;2023-09-28T21:54:23Z;(GMT-05:00) America/New_York;2;1;0;1;0;2,512;5,666;40,72176472;-74,03636693;10,7;18,8;0,1;17,5;6,44;7200;0,1;0
28;26/09/2023;Run;2948,4;1092;1092;4,4;[40.72182674892247, -74.03614858165383];[40.71518844924867, -74.03781750239432];Run;2023-09-26T22:13:37Z;(GMT-05:00) America/New_York;0;2;0;1;0;2,7;5,305;40,72182675;-74,03614858;13,4;17;8,5;24,6;5,77;2533,43;8,5;0
29;20/09/2023;Run;3181,3;1259;1259;2,1;[40.721857426688075, -74.03598454780877];[40.71402152068913, -74.04116640798748];Run;2023-09-20T22:22:55Z;(GMT-05:00) America/New_York;1;1;0;1;0;2,527;8,114;40,72185743;-74,03598455;11,7;23,5;0;14,3;19,14;39089,31;0;0
30;12/09/2023;Run;2976;1118;1121;3,9;[40.72199530899525, -74.03647480532527];[40.71304905228317, -74.03463455848396];Run;2023-09-12T23:33:27Z;(GMT-05:00) America/New_York;1;0;0;1;0;2,662;6,034;40,72199531;-74,03647481;19,1;29;0,2;11,9;18,31;41763,5;0,2;0
31;10/09/2023;Run;22895,4;10264;10523;7;[40.721847703680396, -74.0359463263303];[40.72113364934921, -74.03714192099869];Run;2023-09-10T23:01:35Z;(GMT-05:00) America/New_York;9;0;0;1;0;2,231;10,566;40,7218477;-74,03594633;19,6;24,6;16,5;10,7;7,25;9630,55;16,5;0
32;07/09/2023;Run;424,6;182;217;0;[40.72236486710608, -74.03617104515433];[40.720487739890814, -74.03362110257149];Run;2023-09-07T23:41:00Z;(GMT-05:00) America/New_York;0;0;0;1;0;2,333;8,234;40,72236487;-74,03617105;21,6;35,3;3,8;18,5;17,68;40510,55;3,8;0
33;05/09/2023;Run;5043,5;1883;1883;7,3;[40.721935546025634, -74.03594146482646];[40.71996772661805, -74.03265240602195];Run;2023-09-05T23:19:51Z;(GMT-05:00) America/New_York;1;0;0;1;0;2,678;6,132;40,72193555;-74,03594146;22,1;35,4;0;14,1;20,06;41671,95;0;0
34;03/09/2023;Run;16190,2;6891;7121;0;[40.72184359654784, -74.0359206777066];[40.709861582145095, -74.04221246950328];Run;2023-09-03T10:40:50Z;(GMT-05:00) America/New_York;9;0;0;1;0;2,349;4,817;40,7218436;-74,03592068;18;32,4;0,3;16,8;21,4;43130,48;0,3;0
35;31/08/2023;Run;1611,9;566;573;0;[40.721826581284404, -74.03603333048522];[40.71246827021241, -74.03785429894924];Run;2023-08-31T22:51:40Z;(GMT-05:00) America/New_York;0;0;0;1;0;2,848;4,794;40,72182658;-74,03603333;17,2;25,2;0;22,5;23,62;43200;0;0
36;18/08/2023;Run;3010,3;1014;1017;0;[40.721926828846335, -74.03582654893398];[40.714762061834335, -74.0331197809428];Run;2023-08-18T21:45:19Z;(GMT-05:00) America/New_York;2;1;0;1;0;2,969;9,524;40,72192683;-74,03582655;19,7;27;3,1;25,3;22,07;40478,75;3,1;0
37;17/08/2023;Run;5044,5;1778;1778;0;[40.721895480528474, -74.03602595441043];[40.71330185048282, -74.03451402671635];Run;2023-08-17T22:38:25Z;(GMT-05:00) America/New_York;3;2;0;1;0;2,837;5,556;40,72189548;-74,03602595;20,4;25,7;5,9;20,3;16,53;38034,42;5,9;0
38;06/08/2023;Run;21334;10059;10507;2,2;[40.72190646082163, -74.03603693470359];[40.722934920340776, -74.04062158428133];Run;2023-08-06T11:28:11Z;(GMT-05:00) America/New_York;11;1;0;1;0;2,121;13,091;40,72190646;-74,03603693;18,2;29,9;0;21,8;23,12;47535,96;0;0
39;02/08/2023;Run;5049,4;1929;1929;0;[40.72178584523499, -74.03596669435501];[40.721156867221, -74.03356385417283];Run;2023-08-02T22:36:39Z;(GMT-05:00) America/New_York;2;2;0;1;0;2,618;4,05;40,72178585;-74,03596669;14,6;27,8;0;16,9;22;45015,79;0;0
40;31/07/2023;Run;5311,5;1997;2013;2,4;[40.72181845083833, -74.03608228079975];[40.71837415918708, -74.03278735466301];Run;2023-07-31T23:10:00Z;(GMT-05:00) America/New_York;1;1;0;1;0;2,66;5,012;40,72181845;-74,03608228;15,6;29,5;0;14,9;24,24;48232,43;0;0
42;25/07/2023;Run;5076,4;1860;1860;0;[40.721832029521465, -74.03665015473962];[40.719554582610726, -74.0325685031712];Run;2023-07-25T23:33:05Z;(GMT-05:00) America/New_York;5;2;1;1;0;2,729;5,142;40,72183203;-74,03665015;19,3;28,7;9;15,1;18,33;39642,41;9;0
43;23/07/2023;Run;14991,3;6601;6627;3,1;[40.72189036756754, -74.03612712398171];[40.720317335799336, -74.03152839280665];Run;2023-07-23T11:16:58Z;(GMT-05:00) America/New_York;5;2;1;1;0;2,271;4,601;40,72189037;-74,03612712;17,4;30,1;0,5;19,3;25,03;49069,36;0,5;0
44;17/07/2023;Run;6990,6;2810;2821;3;[40.72198818437755, -74.03618571348488];[40.72198952548206, -74.03616073541343];Run;2023-07-17T22:17:37Z;(GMT-05:00) America/New_York;1;2;0;1;0;2,488;5,262;40,72198818;-74,03618571;20,1;31,8;0,1;17,6;25,7;49596,93;0,1;0
45;14/07/2023;Run;3294,3;1310;1313;2,6;[40.72190864011645, -74.03602737933397];[40.72122048586607, -74.03173232451081];Run;2023-07-14T22:17:07Z;(GMT-05:00) America/New_York;0;1;0;1;0;2,515;4,956;40,72190864;-74,03602738;21,4;28,3;36,6;20,7;18,46;31618,15;36,6;0
46;13/07/2023;Run;5436,7;2074;2090;0;[40.72229839861393, -74.03602763079107];[40.719090308994055, -74.03258543461561];Run;2023-07-13T22:54:20Z;(GMT-05:00) America/New_York;3;2;0;1;0;2,621;8,796;40,7222984;-74,03602763;21,3;31,9;0,2;24,4;23,11;49892,98;0,2;0
47;12/07/2023;Run;7523,6;3118;3462;3,1;[40.72183320298791, -74.03605244122446];[40.710172299295664, -74.04491471126676];Run;2023-07-12T13:11:57Z;(GMT-05:00) America/New_York;5;2;0;1;0;2,413;8,062;40,7218332;-74,03605244;19,7;33,1;0;16,3;27;49960,91;0;0
48;09/07/2023;Run;7531,1;3293;4352;5;[40.72186555713415, -74.0360240265727];[40.72163974866271, -74.03653406538069];Run;2023-07-09T21:20:57Z;(GMT-05:00) America/New_York;3;1;0;1;0;2,287;5,102;40,72186556;-74,03602403;21,6;27;18,5;14,9;11;13032,95;18,5;0
49;07/07/2023;Run;5474,7;2077;2253;11,6;[40.72197401896119, -74.03587675653398];[40.72187913581729, -74.03609468601644];Run;2023-07-07T22:17:30Z;(GMT-05:00) America/New_York;3;1;0;1;0;2,636;6,186;40,72197402;-74,03587676;21,9;29,7;0,6;18,4;22,3;38426,64;0,6;0
50;05/07/2023;Run;2981,8;938;1018;0;[40.721904281526804, -74.03602821752429];[40.713261533528566, -74.03400180861354];Run;2023-07-05T21:34:26Z;(GMT-05:00) America/New_York;5;2;0;1;0;3,179;7,2;40,72190428;-74,03602822;21,1;32,3;0;15,2;26,43;50159,03;0;0
51;29/06/2023;Run;3080;2358;3471;2,1;[40.71632637642324, -74.03278291225433];[40.714248921722174, -74.03329705819488];Run;2023-06-29T22:35:40Z;(GMT-05:00) America/New_York;0;2;0;1;0;1,306;3,335;40,71632638;-74,03278291;16,3;28,7;0;14,3;22,02;49970,01;0;0
52;25/06/2023;Run;11824,4;4586;4953;3,2;[40.721878465265036, -74.03610549867153];[40.71934469975531, -74.03229005634785];Run;2023-06-25T23:18:27Z;(GMT-05:00) America/New_York;10;2;0;1;0;2,578;6,318;40,72187847;-74,0361055;18,7;28,6;1,9;17,9;23,44;49559,37;1,9;0
53;23/06/2023;Run;2222,6;811;951;2,9;[40.7218683231622, -74.03607456944883];[40.71680288761854, -74.03274393640459];Run;2023-06-23T22:39:04Z;(GMT-05:00) America/New_York;0;0;0;1;0;2,741;5,238;40,72186832;-74,03607457;17,1;22,9;12,4;21,8;10,6;3195,95;12,4;0
54;18/06/2023;Run;10513,1;4087;4101;2,4;[40.72195532731712, -74.03633784502745];[40.72191081941128, -74.03198914602399];Run;2023-06-18T12:39:23Z;(GMT-05:00) America/New_York;16;2;0;1;0;2,572;4,868;40,72195533;-74,03633785;15,8;26,5;0;19,2;19,14;40477,95;0;0
55;11/06/2023;Run;5341,4;1932;2354;0;[40.721850050613284, -74.0360930096358];[40.70920720696449, -74.03737527318299];Run;2023-06-11T18:01:45Z;(GMT-05:00) America/New_York;5;1;0;1;0;2,765;4,512;40,72185005;-74,03609301;16,4;27,2;0;18,6;21,62;49607,14;0;0
56;28/05/2023;Run;7115,1;2831;3017;89,2;[39.27250214852393, -76.69633372686803];[39.271901501342654, -76.70297462493181];Run;2023-05-28T11:02:45Z;(GMT-05:00) America/New_York;9;1;0;1;0;2,513;4,33;39,27250215;-76,69633373;12,5;22,6;0;14,7;21,15;38107,3;0;0
57;14/05/2023;Run;3374,6;1350;1490;38,5;[39.25259227864444, -76.71357312239707];[39.25045447424054, -76.71255019493401];Run;2023-05-14T21:10:38Z;(GMT-05:00) America/New_York;1;1;0;1;0;2,5;3,356;39,25259228;-76,71357312;12,3;24,1;0;14,8;28,62;47860,73;0;0
58;14/05/2023;Run;2406,8;982;33260;17;[39.27248865365982, -76.69630547985435];[39.25530759617686, -76.70086339116096];Run;2023-05-14T11:56:01Z;(GMT-05:00) America/New_York;0;1;0;1;0;2,451;3,346;39,27248865;-76,69630548;12,3;24;0;14,8;28,62;47860,73;0;0
60;07/05/2023;Run;10113,4;4197;4795;79,7;[39.25256973132491, -76.71357261948287];[39.25136969424784, -76.71324941329658];Run;2023-05-07T21:55:57Z;(GMT-05:00) America/New_York;4;1;0;1;0;2,41;3,988;39,25256973;-76,71357262;8,8;22,4;1,5;9,3;15,66;26772,72;1,5;0
61;26/04/2023;Run;2342,1;884;2042;39;[39.272519163787365, -76.69635074213147];[39.26936681382358, -76.69188595376909];Run;2023-04-26T21:24:37Z;(GMT-05:00) America/New_York;0;0;0;1;0;2,649;3,948;39,27251916;-76,69635074;5,5;16,7;2,6;13,7;20,57;44387,36;2,6;0
62;22/04/2023;Run;2520,5;1124;2292;0;[38.904664758592844, -77.0702749863267];[38.90445336699486, -77.0703595597297];Run;2023-04-22T12:39:51Z;(GMT-05:00) America/New_York;0;0;0;1;0;2,242;4,308;38,90466476;-77,07027499;14,1;22,8;15,3;24;10,48;18000;15,3;0
63;16/04/2023;Run;5230,5;1824;3695;22,4;[39.251450411975384, -76.71325913630426];[39.251307249069214, -76.71117966994643];Run;2023-04-16T13:10:51Z;(GMT-05:00) America/New_York;4;0;0;1;0;2,868;4,07;39,25145041;-76,71325914;13,7;25,7;1,4;15,3;17,85;36648,91;1,4;0
64;09/04/2023;Run;4604,7;2257;3496;20,8;[39.25106266513467, -76.71200201846659];[39.25259596668184, -76.70932936482131];Run;2023-04-09T13:15:51Z;(GMT-05:00) America/New_York;4;0;0;2;0;2,04;6,336;39,25106267;-76,71200202;0,8;14,7;0;11,7;24,33;43035,8;0;0
65;19/03/2023;Run;22201,9;9200;9241;157,8;[40.66512359306216, -73.96134344860911];[40.772895673289895, -73.97658250294626];Run;2023-03-19T13:29:19Z;(GMT-05:00) America/New_York;7;0;0;1;0;2,413;7,514;40,66512359;-73,96134345;-2,8;3,5;0;29,2;20,32;40361,27;0;0
66;05/03/2023;Run;21479;9617;10154;100,9;[39.27251446992159, -76.69635736383498];[39.251645458862185, -76.7130200844258];Run;2023-03-05T12:07:47Z;(GMT-05:00) America/New_York;4;0;0;1;0;2,233;3,304;39,27251447;-76,69635736;-0,8;14,5;0;24,7;17,78;38224,36;0;0
67;02/03/2023;Run;12240,6;5376;5386;147;[39.272493766620755, -76.6963579505682];[39.254609970375896, -76.70630416832864];Run;2023-03-02T11:38:12Z;(GMT-05:00) America/New_York;2;0;0;1;0;2,277;3,882;39,27249377;-76,69635795;5,9;17,5;4,8;19,3;10;13905,58;4,8;0
68;19/02/2023;Run;6241;4411;4453;60,9;[39.27249485626817, -76.69633900746703];[39.25268799997866, -76.71309367753565];Run;2023-02-19T21:51:04Z;(GMT-05:00) America/New_York;0;0;0;1;0;1,415;7,522;39,27249486;-76,69633901;0,6;12,9;0;20,5;13,96;31811,43;0;0
69;12/02/2023;Run;10207,3;4815;4937;96,2;[39.27247985266149, -76.69631981290877];[39.25345100462437, -76.70696390792727];Run;2023-02-12T12:06:05Z;(GMT-05:00) America/New_York;0;0;0;1;0;2,12;4,023;39,27247985;-76,69631981;1,7;6,1;5,9;20,9;4,7;3847,33;5,9;0
70;21/12/2022;Run;21792,6;9275;9323;151,1;[39.25281196832657, -76.71344169415534];[39.25343122333288, -76.71498136594892];Run;2022-12-21T19:20:42Z;(GMT-05:00) America/New_York;3;0;0;1;0;2,35;4,442;39,25281197;-76,71344169;-4,2;4,5;0;8,7;9,26;29565,76;0;0
71;03/12/2022;Run;13223,8;5828;6081;118,6;[39.27253047935665, -76.69633464887738];[39.25424485467374, -76.70615639537573];Run;2022-12-03T20:41:28Z;(GMT-05:00) America/New_York;1;1;0;1;0;2,269;3,56;39,27253048;-76,69633465;5,7;16,3;9,2;33,4;4,09;12022,51;9,2;0
72;23/11/2022;Run;13194,5;5838;5905;161,7;[39.27252192981541, -76.69639348983765];[39.252744913101196, -76.70849385671318];Run;2022-11-23T11:31:44Z;(GMT-05:00) America/New_York;5;1;0;1;0;2,26;3,506;39,27252193;-76,69639349;2,4;13,6;0;13,5;10,87;31602,89;0;0
73;13/11/2022;Walk;570,7;255;255;0;[39.251993810757995, -76.70930849388242];[39.25326534546912, -76.70722374692559];Walk;2022-11-13T12:54:52Z;(GMT-05:00) America/New_York;0;0;0;1;0;2,238;3,73;39,25199381;-76,70930849;4,6;14;0;24,5;10,83;26715,12;0;0
74;13/11/2022;Run;6934,9;2965;3021;76,6;[39.272521, -76.696334];[39.252674, -76.708679];Run;2022-11-13T11:59:20Z;(GMT-05:00) America/New_York;4;0;0;1;0;2,339;3,5;39,272521;-76,696334;4,5;13,9;0;24,5;10,83;26715,12;0;0
75;15/10/2022;Walk;1053,6;855;1699;6,6;[39.28653035312891, -76.61675987765193];[39.28631284274161, -76.6237744409591];Walk;2022-10-15T15:04:34Z;(GMT-05:00) America/New_York;0;0;0;1;0;1,232;5,515;39,28653035;-76,61675988;7,6;22;0;18,1;16,29;36596,83;0;0
76;15/10/2022;Run;10334,2;3865;3888;100,4;[39.283188823610544, -76.62045110017061];[39.286541165784, -76.61391656845808];Run;2022-10-15T12:03:03Z;(GMT-05:00) America/New_York;7;0;0;17;0;2,658;5,218;39,28318882;-76,6204511;7,6;22;0;18,1;16,29;36596,83;0;0
78;09/10/2022;Run;5145;2282;2593;64;[39.27249435335398, -76.69637680985034];[39.272465938702226, -76.69636432081461];Run;2022-10-09T11:52:32Z;(GMT-05:00) America/New_York;0;0;0;1;0;2,255;3,244;39,27249435;-76,69637681;4,9;16,1;0;14,6;17,98;37593,59;0;0
80;18/09/2022;Run;10352,6;4138;4471;88,1;[39.27250097505748, -76.6963196452707];[39.25348344258964, -76.70741032809019];Run;2022-09-18T11:13:06Z;(GMT-05:00) America/New_York;15;0;0;1;0;2,502;4,066;39,27250098;-76,69631965;15,1;28,3;0;12,6;19,39;41262,48;0;0
81;07/09/2022;Run;10255,8;4421;4664;124,7;[39.27251044660807, -76.69633540324867];[39.27221448160708, -76.69462943449616];Run;2022-09-07T11:03:40Z;(GMT-05:00) America/New_York;4;0;0;1;0;2,32;3,8;39,27251045;-76,6963354;19;22,1;6,1;14,7;6,15;934,9;6,1;0
85;31/08/2022;Run;517,2;85;362;10,2;[39.252915317192674, -76.71251138672233];[39.25302260555327, -76.71257592737675];Run;2022-08-31T13:17:10Z;(GMT-05:00) America/New_York;1;0;0;1;0;6,085;18,281;39,25291532;-76,71251139;19,5;29,9;0;17,8;21,57;43238,54;0;0
87;27/08/2022;Run;10287,1;4768;4768;91,3;[40.77151441946626, -73.96975452080369];[40.773720452561975, -73.97124256007373];Run;2022-08-27T12:22:34Z;(GMT-05:00) America/New_York;3;0;0;27;0;2,158;3,084;40,77151442;-73,96975452;20,4;30;0;12,2;21,57;43290,24;0;0
88;24/08/2022;Run;5058,2;2007;2044;0;[40.71487764827907, -74.03590919449925];[40.71296380832791, -74.03347953222692];Run;2022-08-24T12:32:16Z;(GMT-05:00) America/New_York;5;0;0;1;0;2,52;5,738;40,71487765;-74,03590919;19,8;31,5;0;13,6;22,6;43476,44;0;0
89;20/08/2022;Run;12983,3;6724;6794;65,3;[40.71265820413828, -74.00465684942901];[40.767693780362606, -73.96590705960989];Run;2022-08-20T12:28:52Z;(GMT-05:00) America/New_York;1;0;0;1;0;1,931;6,703;40,7126582;-74,00465685;21,1;31,7;0,3;22,2;21,36;44007,7;0,3;0
90;07/08/2022;Run;10386,5;5172;5213;5,5;[40.71463239379227, -74.03594188392162];[40.71241135708988, -74.03357164934278];Run;2022-08-07T11:02:21Z;(GMT-05:00) America/New_York;4;0;0;1;0;2,008;5,574;40,71463239;-74,03594188;23,8;34,4;5,1;27,4;20,8;41813,59;5,1;0
91;03/08/2022;Run;5247,3;2199;2237;0;[40.71460800245404, -74.03605839237571];[40.713324984535575, -74.03334341011941];Run;2022-08-03T11:44:12Z;(GMT-05:00) America/New_York;3;0;0;1;0;2,386;4,586;40,714608;-74,03605839;21,4;32,6;0;22,2;26,63;47860,94;0;0
92;31/07/2022;Run;10011,2;5174;5370;0;[40.714741945266724, -74.03599133715034];[40.710339685902, -74.04640308581293];Run;2022-07-31T12:24:41Z;(GMT-05:00) America/New_York;11;0;0;1;0;1,935;4,206;40,71474195;-74,03599134;19,2;28,8;0;20;20,78;38367,81;0;0
93;24/07/2022;Run;9517,1;5459;5749;5,2;[40.71463876403868, -74.03591690585017];[40.71441890671849, -74.0346946567297];Run;2022-07-24T12:47:17Z;(GMT-05:00) America/New_York;4;0;0;1;0;1,743;4,456;40,71463876;-74,03591691;24,2;36,1;0;29,2;24,58;48049,48;0;0
94;18/07/2022;Run;5376,1;2906;3058;0;[40.71463180705905, -74.0359656047076];[40.70491491816938, -74.04122499749064];Run;2022-07-18T12:38:45Z;(GMT-05:00) America/New_York;6;0;0;1;0;1,85;4,018;40,71463181;-74,0359656;22,6;30,2;13;24,7;14,55;20468,07;13;0
95;10/07/2022;Run;1986,7;1328;1657;2,1;[40.71589705534279, -74.0447517670691];[40.7140869833529, -74.0346959978342];Run;2022-07-10T14:40:05Z;(GMT-05:00) America/New_York;2;0;0;1;0;1,496;5,508;40,71589706;-74,04475177;18,8;27,4;0;23,2;28,63;50076,74;0;0
96;10/07/2022;Run;10250,2;4645;5119;0;[40.71456139907241, -74.03596443124115];[40.71052358485758, -74.04813998378813];Run;2022-07-10T12:53:17Z;(GMT-05:00) America/New_York;11;0;0;1;0;2,207;4,472;40,7145614;-74,03596443;18,8;27,4;0;23,2;28,63;50076,74;0;0
97;03/07/2022;Run;3457,6;1880;8503;7,2;[40.7148711103946, -74.04965534806252];[40.7147432025522, -74.03541893698275];Run;2022-07-03T14:10:13Z;(GMT-05:00) America/New_York;4;0;0;1;0;1,839;9,919;40,71487111;-74,04965535;21,5;31,3;0,1;17;22,95;32400;0,1;0
98;03/07/2022;Run;10300,5;4915;5051;0;[40.714426366612315, -74.03611312620342];[40.71028796955943, -74.0460607688874];Run;2022-07-03T12:31:25Z;(GMT-05:00) America/New_York;4;0;0;1;0;2,096;5,975;40,71442637;-74,03611313;21,4;31,2;0,1;17;22,95;32400;0,1;0
99;25/06/2022;Run;7321,8;4205;4439;6,2;[40.71457321755588, -74.03588220477104];[40.71482811123133, -74.03567642904818];Run;2022-06-25T13:04:56Z;(GMT-05:00) America/New_York;7;0;0;1;0;1,741;4,65;40,71457322;-74,0358822;18,2;32,6;0;23,3;28,45;50400;0;0
100;18/06/2022;Run;10564,2;5277;5681;150;[39.27250860258937, -76.69637337327003];[39.27244707942009, -76.69636331498623];Run;2022-06-18T13:43:07Z;(GMT-05:00) America/New_York;3;0;0;1;0;2,002;3,502;39,2725086;-76,69637337;18,9;24,9;0;30,4;24,34;46252,89;0;0
101;12/06/2022;Run;7857,2;3900;4113;116,6;[39.27252494730055, -76.69631998054683];[39.27245143800974, -76.69639013707638];Run;2022-06-12T13:20:44Z;(GMT-05:00) America/New_York;6;0;0;1;0;2,015;3,326;39,27252495;-76,69631998;17,2;27,1;2,3;13,3;15,62;24241,98;2,3;0
102;28/05/2022;Run;6067,2;3334;3555;88,2;[39.272494772449136, -76.69640866108239];[39.27246367558837, -76.69636884704232];Run;2022-05-28T15:11:38Z;(GMT-05:00) America/New_York;3;0;0;1;0;1,82;3,172;39,27249477;-76,69640866;16,4;26,4;0,3;14,2;24,41;47469,64;0,3;0
103;22/05/2022;Run;4587,6;2263;2478;56,6;[39.272621758282185, -76.69633297249675];[39.27250734530389, -76.69635468162596];Run;2022-05-22T11:13:30Z;(GMT-05:00) America/New_York;5;0;0;1;0;2,027;3,557;39,27262176;-76,69633297;21;31,3;28,8;20,2;22,36;39376,94;28,8;0
104;21/05/2022;Run;4313,6;2182;2426;55;[39.27257808856666, -76.69626507908106];[39.27250818349421, -76.69635669328272];Run;2022-05-21T11:27:40Z;(GMT-05:00) America/New_York;4;0;0;1;0;1,977;3,874;39,27257809;-76,69626508;22,2;33,4;2,4;21,1;24,2;45391,15;2,4;0
105;16/03/2022;Run;2764;955;1009;38,5;[39.25251114182174, -76.7134093400091];[39.252579705789685, -76.71341864392161];Run;2022-03-16T16:12:54Z;(GMT-05:00) America/New_York;0;0;0;2;0;2,739;4,77;39,25251114;-76,71340934;3,4;19,5;0;16,6;19,34;37583,24;0;0
